Nama Tema,Link Preview,Popularitas,Acara,Tipe
Adat-Carawang,https://indoinvite.com/s/1952/undangan/478?kpd=Bapak%20Budi,950 Kali Digunakan,,"Elegan, Formal, Simple"
Adat-Mandailing,https://indoinvite.com/s/1952/undangan/463?kpd=Bapak%20Budi,950 Kali Digunakan,,Budaya
Aesthetic-Catholic,https://indoinvite.com/s/1952/undangan/221?kpd=Bapak%20Budi,950 Kali Digunakan,,Elegan
Aesthetic-Classic,https://indoinvite.com/s/1952/undangan/256?kpd=Bapak%20Budi,950 Kali Digunakan,,"Elegan, Simple"
Aesthetic-Flowers,https://indoinvite.com/s/1952/undangan/367?kpd=Bapak%20Budi,950 Kali Digunakan,,"Bunga, Elegan, Simple"
Aesthetic-Formal,https://indoinvite.com/s/1952/undangan/203?kpd=Bapak%20Budi,950 Kali Digunakan,,Formal
Aesthetic-Peacock,https://indoinvite.com/s/1952/undangan/419?kpd=Bapak%20Budi,950 Kali Digunakan,,"Bunga, Elegan"
Aesthetic-Romance,https://indoinvite.com/s/1952/undangan/199?kpd=Bapak%20Budi,950 Kali Digunakan,,"Elegan, Simple"
Aesthetic-Symphony,https://indoinvite.com/s/1952/undangan/399?kpd=Bapak%20Budi,950 Kali Digunakan,,"Bunga, Elegan"
Aesthetic-Victoria,https://indoinvite.com/s/1952/undangan/308?kpd=Bapak%20Budi,950 Kali Digunakan,,Elegan
Aesthetic-White,https://indoinvite.com/s/1952/undangan/238?kpd=Bapak%20Budi,950 Kali Digunakan,,Simple
Asian-Blue,https://indoinvite.com/s/1952/undangan/64?kpd=Bapak%20Budi,950 Kali Digunakan,,"Budaya, Bunga"
Asian-Blue-C,https://indoinvite.com/s/1952/undangan/347?kpd=Bapak%20Budi,950 Kali Digunakan,,"Budaya, Bunga, Formal"
Asian-Gold,https://indoinvite.com/s/1952/undangan/159?kpd=Bapak%20Budi,950 Kali Digunakan,Pernikahan,Muslim
Asian-Gold-C,https://indoinvite.com/s/1952/undangan/339?kpd=Bapak%20Budi,950 Kali Digunakan,Pernikahan,"Formal, Muslim"
Asian-Green,https://indoinvite.com/s/1952/undangan/162?kpd=Bapak%20Budi,950 Kali Digunakan,Pernikahan,
Baby-Cloud,https://indoinvite.com/s/1952/undangan/73?kpd=Bapak%20Budi,950 Kali Digunakan,Aqiqah,
Baby-Cloud-C,https://indoinvite.com/s/1952/undangan/353?kpd=Bapak%20Budi,950 Kali Digunakan,Aqiqah,
Baby-Neon,https://indoinvite.com/s/1952/undangan/69?kpd=Bapak%20Budi,950 Kali Digunakan,Ultah,
Baby-Neon-C,https://indoinvite.com/s/1952/undangan/351?kpd=Bapak%20Budi,950 Kali Digunakan,Ultah,
Baby-Sweet,https://indoinvite.com/s/1952/undangan/33?kpd=Bapak%20Budi,950 Kali Digunakan,Khitan,
Baby-Sweet-C,https://indoinvite.com/s/1952/undangan/265?kpd=Bapak%20Budi,950 Kali Digunakan,Khitan,
Bali-Night,https://indoinvite.com/s/1952/undangan/178?kpd=Bapak%20Budi,950 Kali Digunakan,,"Budaya, Simple"
Bali-Simple,https://indoinvite.com/s/1952/undangan/176?kpd=Bapak%20Budi,950 Kali Digunakan,Pernikahan,"Budaya, Simple"
Bali-Sweet,https://indoinvite.com/s/1952/undangan/177?kpd=Bapak%20Budi,950 Kali Digunakan,"Pernikahan, Ultah","Budaya, Simple"
Beautiful-Gold,https://indoinvite.com/s/1952/undangan/39?kpd=Bapak%20Budi,950 Kali Digunakan,Ultah,"Elegan, Formal"
Beautiful-Gold-C,https://indoinvite.com/s/1952/undangan/271?kpd=Bapak%20Budi,950 Kali Digunakan,Ultah,"Elegan, Formal"
Beautiful-Night,https://indoinvite.com/s/1952/undangan/48?kpd=Bapak%20Budi,950 Kali Digunakan,Ultah,"Elegan, Formal"
Beautiful-Night-C,https://indoinvite.com/s/1952/undangan/278?kpd=Bapak%20Budi,950 Kali Digunakan,Ultah,"Elegan, Formal"
Beautiful-White-C,https://indoinvite.com/s/1952/undangan/243?kpd=Bapak%20Budi,950 Kali Digunakan,,Simple
Bee-Blue,https://indoinvite.com/s/1952/undangan/21?kpd=Bapak%20Budi,950 Kali Digunakan,,Bunga
Bee-Blue-C,https://indoinvite.com/s/1952/undangan/224?kpd=Bapak%20Budi,950 Kali Digunakan,,Bunga
Bee-Classic,https://indoinvite.com/s/1952/undangan/32?kpd=Bapak%20Budi,950 Kali Digunakan,,Elegan
Bee-Classic-C,https://indoinvite.com/s/1952/undangan/218?kpd=Bapak%20Budi,950 Kali Digunakan,,"Bunga, Elegan"
Bee-Floral,https://indoinvite.com/s/1952/undangan/108?kpd=Bapak%20Budi,950 Kali Digunakan,Pernikahan,"Bunga, Elegan, Simple"
Bee-Floral-C,https://indoinvite.com/s/1952/undangan/307?kpd=Bapak%20Budi,950 Kali Digunakan,Pernikahan,"Bunga, Elegan, Simple"
Bee-Gold,https://indoinvite.com/s/1952/undangan/127?kpd=Bapak%20Budi,950 Kali Digunakan,,Formal
Bee-Gold-C,https://indoinvite.com/s/1952/undangan/321?kpd=Bapak%20Budi,950 Kali Digunakan,,Formal
Bee-Natural,https://indoinvite.com/s/1952/undangan/37?kpd=Bapak%20Budi,950 Kali Digunakan,,"Bunga, Elegan"
Bee-Natural-C,https://indoinvite.com/s/1952/undangan/269?kpd=Bapak%20Budi,950 Kali Digunakan,,"Bunga, Elegan, Simple"
Bee-Paper,https://indoinvite.com/s/1952/undangan/34?kpd=Bapak%20Budi,950 Kali Digunakan,,"Bunga, Formal"
Bee-Paper-C,https://indoinvite.com/s/1952/undangan/267?kpd=Bapak%20Budi,950 Kali Digunakan,Ultah,"Bunga, Formal, Simple"
Bee-Purple,https://indoinvite.com/s/1952/undangan/35?kpd=Bapak%20Budi,950 Kali Digunakan,,Bunga
Bee-Purple-C,https://indoinvite.com/s/1952/undangan/223?kpd=Bapak%20Budi,950 Kali Digunakan,,Bunga
Bee-Yellow,https://indoinvite.com/s/1952/undangan/78?kpd=Bapak%20Budi,950 Kali Digunakan,Aqiqah,Bunga
Bee-Yellow-C,https://indoinvite.com/s/1952/undangan/289?kpd=Bapak%20Budi,950 Kali Digunakan,Aqiqah,Bunga
Birth,https://indoinvite.com/s/1952/undangan/450?kpd=Bapak%20Budi,950 Kali Digunakan,Ultah,Bunga
Black-Java,https://indoinvite.com/s/1952/undangan/82?kpd=Bapak%20Budi,950 Kali Digunakan,,Budaya
Black-Java-C,https://indoinvite.com/s/1952/undangan/229?kpd=Bapak%20Budi,950 Kali Digunakan,,Budaya
Black-Peacock,https://indoinvite.com/s/1952/undangan/57?kpd=Bapak%20Budi,950 Kali Digunakan,,Budaya
Black-Pearl,https://indoinvite.com/s/1952/undangan/19?kpd=Bapak%20Budi,950 Kali Digunakan,,Budaya
Black-Pearl-C,https://indoinvite.com/s/1952/undangan/252?kpd=Bapak%20Budi,950 Kali Digunakan,,"Bunga, Simple"
Black-View,https://indoinvite.com/s/1952/undangan/55?kpd=Bapak%20Budi,950 Kali Digunakan,,"Elegan, Formal"
Blue-Flowers,https://indoinvite.com/s/1952/undangan/114?kpd=Bapak%20Budi,950 Kali Digunakan,"Aqiqah, Khitan, Pernikahan",Bunga
Blue-Flowers-C,https://indoinvite.com/s/1952/undangan/184?kpd=Bapak%20Budi,950 Kali Digunakan,"Aqiqah, Khitan, Pernikahan","Bunga, Elegan"
Blue-Java,https://indoinvite.com/s/1952/undangan/129?kpd=Bapak%20Budi,950 Kali Digunakan,Pernikahan,Budaya
Blue-Java-C,https://indoinvite.com/s/1952/undangan/226?kpd=Bapak%20Budi,950 Kali Digunakan,,Budaya
Brown-Flowers,https://indoinvite.com/s/1952/undangan/67?kpd=Bapak%20Budi,950 Kali Digunakan,Pernikahan,Bunga
Brown-Flowers-C,https://indoinvite.com/s/1952/undangan/349?kpd=Bapak%20Budi,950 Kali Digunakan,Pernikahan,Bunga
Brown-Java,https://indoinvite.com/s/1952/undangan/116?kpd=Bapak%20Budi,950 Kali Digunakan,,Budaya
Brown-Java-C,https://indoinvite.com/s/1952/undangan/312?kpd=Bapak%20Budi,950 Kali Digunakan,,Budaya
Bugis-Sunda,https://indoinvite.com/s/1952/undangan/111?kpd=Bapak%20Budi,950 Kali Digunakan,,Budaya
Bugis-Sunda-C,https://indoinvite.com/s/1952/undangan/310?kpd=Bapak%20Budi,950 Kali Digunakan,,Budaya
Burgundy,https://indoinvite.com/s/1952/undangan/361?kpd=Bapak%20Budi,950 Kali Digunakan,,"Bunga, Simple"
Carawang-Heritage,https://indoinvite.com/s/1952/undangan/477?kpd=Bapak%20Budi,950 Kali Digunakan,,"Elegan, Formal, Simple"
Chinese-Red,https://indoinvite.com/s/1952/undangan/482?kpd=Bapak%20Budi,950 Kali Digunakan,Natal,"Elegan, Formal, Simple"
Christmas-Black,https://indoinvite.com/s/1952/undangan/133?kpd=Bapak%20Budi,950 Kali Digunakan,,Formal
Christmas-Black-C,https://indoinvite.com/s/1952/undangan/326?kpd=Bapak%20Budi,950 Kali Digunakan,Natal,"Budaya, Formal"
Christmas-Blue-C,https://indoinvite.com/s/1952/undangan/262?kpd=Bapak%20Budi,950 Kali Digunakan,Natal,
Christmas-Red-C,https://indoinvite.com/s/1952/undangan/263?kpd=Bapak%20Budi,950 Kali Digunakan,Natal,Budaya
Cream-Pearl,https://indoinvite.com/s/1952/undangan/20?kpd=Bapak%20Budi,950 Kali Digunakan,,Budaya
Cream-Pearl-C,https://indoinvite.com/s/1952/undangan/253?kpd=Bapak%20Budi,950 Kali Digunakan,,"Bunga, Simple"
Creative-Azure,https://indoinvite.com/s/1952/undangan/174?kpd=Bapak%20Budi,950 Kali Digunakan,,Formal
Creative-Black,https://indoinvite.com/s/1952/undangan/123?kpd=Bapak%20Budi,950 Kali Digunakan,,Formal
Creative-Black-C,https://indoinvite.com/s/1952/undangan/233?kpd=Bapak%20Budi,950 Kali Digunakan,,Formal
Creative-Blue,https://indoinvite.com/s/1952/undangan/110?kpd=Bapak%20Budi,950 Kali Digunakan,"Peresmian, Rapat",Formal
Creative-Gold,https://indoinvite.com/s/1952/undangan/76?kpd=Bapak%20Budi,950 Kali Digunakan,,"Elegan, Formal"
Creative-Gold-C,https://indoinvite.com/s/1952/undangan/236?kpd=Bapak%20Budi,950 Kali Digunakan,,Formal
Creative-Midnight,https://indoinvite.com/s/1952/undangan/196?kpd=Bapak%20Budi,950 Kali Digunakan,,"Formal, Simple"
Creative-Navy,https://indoinvite.com/s/1952/undangan/80?kpd=Bapak%20Budi,950 Kali Digunakan,,Formal
Creative-Navy-C,https://indoinvite.com/s/1952/undangan/235?kpd=Bapak%20Budi,950 Kali Digunakan,,Formal
Creative-Orange,https://indoinvite.com/s/1952/undangan/150?kpd=Bapak%20Budi,950 Kali Digunakan,"Peresmian, Rapat",Formal
Creative-Orange-C,https://indoinvite.com/s/1952/undangan/232?kpd=Bapak%20Budi,950 Kali Digunakan,,Formal
Creative-Purple,https://indoinvite.com/s/1952/undangan/122?kpd=Bapak%20Budi,950 Kali Digunakan,,Formal
Creative-Purple-C,https://indoinvite.com/s/1952/undangan/234?kpd=Bapak%20Budi,950 Kali Digunakan,,"Formal, Simple"
Creative-Rainbow,https://indoinvite.com/s/1952/undangan/237?kpd=Bapak%20Budi,950 Kali Digunakan,Ultah,Formal
Creative-RnB,https://indoinvite.com/s/1952/undangan/128?kpd=Bapak%20Budi,950 Kali Digunakan,Rapat,Formal
Creative-RnB-C,https://indoinvite.com/s/1952/undangan/192?kpd=Bapak%20Budi,950 Kali Digunakan,Rapat,Formal
Culture-Red,https://indoinvite.com/s/1952/undangan/197?kpd=Bapak%20Budi,950 Kali Digunakan,,Budaya
Customs-Anime,https://indoinvite.com/s/1952/undangan/98?kpd=Bapak%20Budi,950 Kali Digunakan,Pernikahan,"Bunga, Elegan"
Customs-Anime-C,https://indoinvite.com/s/1952/undangan/301?kpd=Bapak%20Budi,950 Kali Digunakan,Pernikahan,"Bunga, Elegan, Simple"
Customs-Barbie-C,https://indoinvite.com/s/1952/undangan/300?kpd=Bapak%20Budi,950 Kali Digunakan,Ultah,
Customs-Batak,https://indoinvite.com/s/1952/undangan/141?kpd=Bapak%20Budi,950 Kali Digunakan,Pernikahan,Budaya
Customs-Batak-C,https://indoinvite.com/s/1952/undangan/222?kpd=Bapak%20Budi,950 Kali Digunakan,,"Budaya, Elegan"
Customs-Bugis,https://indoinvite.com/s/1952/undangan/105?kpd=Bapak%20Budi,950 Kali Digunakan,,Budaya
Customs-Bugis-C,https://indoinvite.com/s/1952/undangan/306?kpd=Bapak%20Budi,950 Kali Digunakan,,Budaya
Customs-Chinese,https://indoinvite.com/s/1952/undangan/96?kpd=Bapak%20Budi,950 Kali Digunakan,,Budaya
Customs-Chinese-C,https://indoinvite.com/s/1952/undangan/299?kpd=Bapak%20Budi,950 Kali Digunakan,,Budaya
Customs-Golf,https://indoinvite.com/s/1952/undangan/93?kpd=Bapak%20Budi,950 Kali Digunakan,,Formal
Customs-Golf-C,https://indoinvite.com/s/1952/undangan/296?kpd=Bapak%20Budi,950 Kali Digunakan,,Formal
Customs-Ikon,https://indoinvite.com/s/1952/undangan/103?kpd=Bapak%20Budi,950 Kali Digunakan,Pernikahan,
Customs-Ikon-C,https://indoinvite.com/s/1952/undangan/305?kpd=Bapak%20Budi,950 Kali Digunakan,Pernikahan,Simple
Customs-Jambi,https://indoinvite.com/s/1952/undangan/160?kpd=Bapak%20Budi,950 Kali Digunakan,Pernikahan,Budaya
Customs-Jambi-C,https://indoinvite.com/s/1952/undangan/340?kpd=Bapak%20Budi,950 Kali Digunakan,Pernikahan,Budaya
Customs-Lampung,https://indoinvite.com/s/1952/undangan/89?kpd=Bapak%20Budi,950 Kali Digunakan,,Budaya
Customs-Lampung-C,https://indoinvite.com/s/1952/undangan/295?kpd=Bapak%20Budi,950 Kali Digunakan,,Budaya
Customs-Minang,https://indoinvite.com/s/1952/undangan/146?kpd=Bapak%20Budi,950 Kali Digunakan,,Budaya
Customs-Minang-C,https://indoinvite.com/s/1952/undangan/335?kpd=Bapak%20Budi,950 Kali Digunakan,,Budaya
Customs-Newspaper,https://indoinvite.com/s/1952/undangan/95?kpd=Bapak%20Budi,950 Kali Digunakan,Pernikahan,
Customs-Newspaper-C,https://indoinvite.com/s/1952/undangan/298?kpd=Bapak%20Budi,950 Kali Digunakan,Pernikahan,"Elegan, Simple"
Customs-Nias,https://indoinvite.com/s/1952/undangan/109?kpd=Bapak%20Budi,950 Kali Digunakan,,Budaya
Customs-Nias-C,https://indoinvite.com/s/1952/undangan/309?kpd=Bapak%20Budi,950 Kali Digunakan,,Budaya
Customs-Pawpatrol-C,https://indoinvite.com/s/1952/undangan/322?kpd=Bapak%20Budi,950 Kali Digunakan,"Aqiqah, Khitan",
Elegan-Acorn,https://indoinvite.com/s/1952/undangan/97?kpd=Bapak%20Budi,950 Kali Digunakan,"Aqiqah, Khitan, Pernikahan","Elegan, Simple"
Elegan-Acorn-C,https://indoinvite.com/s/1952/undangan/190?kpd=Bapak%20Budi,950 Kali Digunakan,"Aqiqah, Khitan, Pernikahan","Elegan, Simple"
Elegan-Balinese,https://indoinvite.com/s/1952/undangan/220?kpd=Bapak%20Budi,950 Kali Digunakan,,Budaya
Elegan-Black,https://indoinvite.com/s/1952/undangan/66?kpd=Bapak%20Budi,950 Kali Digunakan,Pernikahan,"Elegan, Simple"
Elegan-Black-C,https://indoinvite.com/s/1952/undangan/348?kpd=Bapak%20Budi,950 Kali Digunakan,Pernikahan,"Bunga, Elegan, Simple"
Elegan-Brown,https://indoinvite.com/s/1952/undangan/65?kpd=Bapak%20Budi,950 Kali Digunakan,,"Bunga, Elegan"
Elegan-Brown-C,https://indoinvite.com/s/1952/undangan/286?kpd=Bapak%20Budi,950 Kali Digunakan,,"Bunga, Elegan"
Elegan-Chorus,https://indoinvite.com/s/1952/undangan/86?kpd=Bapak%20Budi,950 Kali Digunakan,Pernikahan,Elegan
Elegan-Chorus-C,https://indoinvite.com/s/1952/undangan/292?kpd=Bapak%20Budi,950 Kali Digunakan,Pernikahan,Elegan
Elegan-Gold,https://indoinvite.com/s/1952/undangan/91?kpd=Bapak%20Budi,950 Kali Digunakan,Pernikahan,Bunga
Elegan-Gold-C,https://indoinvite.com/s/1952/undangan/183?kpd=Bapak%20Budi,950 Kali Digunakan,,"Bunga, Elegan"
Elegan-Grey,https://indoinvite.com/s/1952/undangan/79?kpd=Bapak%20Budi,950 Kali Digunakan,,Elegan
Elegan-Grey-C,https://indoinvite.com/s/1952/undangan/191?kpd=Bapak%20Budi,950 Kali Digunakan,,"Elegan, Simple"
Elegan-Nature,https://indoinvite.com/s/1952/undangan/198?kpd=Bapak%20Budi,950 Kali Digunakan,Ultah,"Bunga, Elegan, Simple"
Elegan-Picture,https://indoinvite.com/s/1952/undangan/421?kpd=Bapak%20Budi,950 Kali Digunakan,Ultah,"Elegan, Formal, Simple"
Elegan-Red,https://indoinvite.com/s/1952/undangan/70?kpd=Bapak%20Budi,950 Kali Digunakan,,"Budaya, Formal"
Elegan-Tea,https://indoinvite.com/s/1952/undangan/85?kpd=Bapak%20Budi,950 Kali Digunakan,,Elegan
Elegan-Tea-C,https://indoinvite.com/s/1952/undangan/180?kpd=Bapak%20Budi,950 Kali Digunakan,,"Elegan, Simple"
Elegan-White,https://indoinvite.com/s/1952/undangan/90?kpd=Bapak%20Budi,950 Kali Digunakan,Pernikahan,Elegan
Elegan-White-C,https://indoinvite.com/s/1952/undangan/290?kpd=Bapak%20Budi,950 Kali Digunakan,Pernikahan,"Elegan, Simple"
Eternal-Arabic,https://indoinvite.com/s/1952/undangan/415?kpd=Bapak%20Budi,950 Kali Digunakan,,Muslim
Eternal-Betawi,https://indoinvite.com/s/1952/undangan/408?kpd=Bapak%20Budi,950 Kali Digunakan,,Budaya
Eternal-Buildings,https://indoinvite.com/s/1952/undangan/404?kpd=Bapak%20Budi,950 Kali Digunakan,,"Bunga, Elegan, Formal"
Eternal-Flowers,https://indoinvite.com/s/1952/undangan/407?kpd=Bapak%20Budi,950 Kali Digunakan,,"Bunga, Elegan, Simple"
Eternal-Islamic,https://indoinvite.com/s/1952/undangan/406?kpd=Bapak%20Budi,950 Kali Digunakan,,Muslim
Eternal-Love-C,https://indoinvite.com/s/1952/undangan/242?kpd=Bapak%20Budi,950 Kali Digunakan,,Simple
Eternal-Soft,https://indoinvite.com/s/1952/undangan/38?kpd=Bapak%20Budi,950 Kali Digunakan,,"Bunga, Elegan, Simple"
Eternal-Soft-C,https://indoinvite.com/s/1952/undangan/270?kpd=Bapak%20Budi,950 Kali Digunakan,,"Bunga, Elegan, Simple"
Event,https://indoinvite.com/s/1952/undangan/442?kpd=Bapak%20Budi,950 Kali Digunakan,,Formal
Every-Buildings,https://indoinvite.com/s/1952/undangan/405?kpd=Bapak%20Budi,950 Kali Digunakan,,"Elegan, Simple"
Every-Moment,https://indoinvite.com/s/1952/undangan/5?kpd=Bapak%20Budi,950 Kali Digunakan,,Bunga
Every-Moment-C,https://indoinvite.com/s/1952/undangan/244?kpd=Bapak%20Budi,950 Kali Digunakan,,Simple
Every-Peacock,https://indoinvite.com/s/1952/undangan/420?kpd=Bapak%20Budi,950 Kali Digunakan,,"Bunga, Elegan"
Fantasy-Christmas,https://indoinvite.com/s/1952/undangan/363?kpd=Bapak%20Budi,950 Kali Digunakan,Natal,
Fantasy-Forest,https://indoinvite.com/s/1952/undangan/344?kpd=Bapak%20Budi,950 Kali Digunakan,,Elegan
Fantasy-Garden,https://indoinvite.com/s/1952/undangan/380?kpd=Bapak%20Budi,950 Kali Digunakan,,"Bunga, Elegan"
Fantasy-Green,https://indoinvite.com/s/1952/undangan/451?kpd=Bapak%20Budi,950 Kali Digunakan,,"Bunga, Elegan"
Fantasy-Love,https://indoinvite.com/s/1952/undangan/391?kpd=Bapak%20Budi,950 Kali Digunakan,,"Bunga, Elegan"
Fantasy-Moment,https://indoinvite.com/s/1952/undangan/394?kpd=Bapak%20Budi,950 Kali Digunakan,,"Bunga, Elegan"
Fantasy-Nature,https://indoinvite.com/s/1952/undangan/383?kpd=Bapak%20Budi,950 Kali Digunakan,,"Bunga, Elegan"
Fantasy-Peacock,https://indoinvite.com/s/1952/undangan/403?kpd=Bapak%20Budi,950 Kali Digunakan,,Elegan
Fantasy-Spring,https://indoinvite.com/s/1952/undangan/377?kpd=Bapak%20Budi,950 Kali Digunakan,,"Bunga, Elegan"
Fantasy-Symphony,https://indoinvite.com/s/1952/undangan/392?kpd=Bapak%20Budi,950 Kali Digunakan,,"Bunga, Elegan"
Fantasy-World,https://indoinvite.com/s/1952/undangan/343?kpd=Bapak%20Budi,950 Kali Digunakan,,Elegan
Formal-Christmas,https://indoinvite.com/s/1952/undangan/389?kpd=Bapak%20Budi,950 Kali Digunakan,Natal,Formal
Formal-Gold,https://indoinvite.com/s/1952/undangan/368?kpd=Bapak%20Budi,950 Kali Digunakan,,Formal
Formal-Grey,https://indoinvite.com/s/1952/undangan/397?kpd=Bapak%20Budi,950 Kali Digunakan,,"Formal, Simple"
Formal-Navy,https://indoinvite.com/s/1952/undangan/370?kpd=Bapak%20Budi,950 Kali Digunakan,,"Formal, Simple"
Formal-Purple,https://indoinvite.com/s/1952/undangan/423?kpd=Bapak%20Budi,950 Kali Digunakan,,Formal
Formal-White,https://indoinvite.com/s/1952/undangan/373?kpd=Bapak%20Budi,950 Kali Digunakan,,"Elegan, Formal, Simple"
Formal-Yellow,https://indoinvite.com/s/1952/undangan/430?kpd=Bapak%20Budi,950 Kali Digunakan,,"Bunga, Formal, Simple"
Golden-Rose,https://indoinvite.com/s/1952/undangan/2?kpd=Bapak%20Budi,950 Kali Digunakan,,Bunga
Golden-Rose-C,https://indoinvite.com/s/1952/undangan/241?kpd=Bapak%20Budi,950 Kali Digunakan,,Simple
Group-Chat,https://indoinvite.com/s/1952/undangan/402?kpd=Bapak%20Budi,950 Kali Digunakan,,Simple
Happy-Black,https://indoinvite.com/s/1952/undangan/75?kpd=Bapak%20Budi,950 Kali Digunakan,,"Bunga, Formal"
Happy-Black-C,https://indoinvite.com/s/1952/undangan/287?kpd=Bapak%20Budi,950 Kali Digunakan,,"Bunga, Simple"
Happy-Ceremony,https://indoinvite.com/s/1952/undangan/117?kpd=Bapak%20Budi,950 Kali Digunakan,Pernikahan,Formal
Happy-Ceremony-C,https://indoinvite.com/s/1952/undangan/314?kpd=Bapak%20Budi,950 Kali Digunakan,Pernikahan,Formal
Happy-Circus-C,https://indoinvite.com/s/1952/undangan/350?kpd=Bapak%20Budi,950 Kali Digunakan,Ultah,
Happy-Flowers,https://indoinvite.com/s/1952/undangan/71?kpd=Bapak%20Budi,950 Kali Digunakan,,"Bunga, Elegan"
Happy-Flowers-C,https://indoinvite.com/s/1952/undangan/188?kpd=Bapak%20Budi,950 Kali Digunakan,,"Bunga, Elegan"
Happy-Football,https://indoinvite.com/s/1952/undangan/88?kpd=Bapak%20Budi,950 Kali Digunakan,Rapat,Formal
Happy-Football-C,https://indoinvite.com/s/1952/undangan/294?kpd=Bapak%20Budi,950 Kali Digunakan,Rapat,Formal
Happy-Jump-C,https://indoinvite.com/s/1952/undangan/302?kpd=Bapak%20Budi,950 Kali Digunakan,,Formal
Happy-Panda-C,https://indoinvite.com/s/1952/undangan/288?kpd=Bapak%20Budi,950 Kali Digunakan,,Budaya
Happy-Sailor-C,https://indoinvite.com/s/1952/undangan/303?kpd=Bapak%20Budi,950 Kali Digunakan,Ultah,
Happy-School,https://indoinvite.com/s/1952/undangan/94?kpd=Bapak%20Budi,950 Kali Digunakan,,Formal
Happy-School-C,https://indoinvite.com/s/1952/undangan/297?kpd=Bapak%20Budi,950 Kali Digunakan,,Formal
Happy-Traveling,https://indoinvite.com/s/1952/undangan/130?kpd=Bapak%20Budi,950 Kali Digunakan,Pernikahan,
Happy-Traveling-C,https://indoinvite.com/s/1952/undangan/323?kpd=Bapak%20Budi,950 Kali Digunakan,Pernikahan,Simple
Honey-Black,https://indoinvite.com/s/1952/undangan/51?kpd=Bapak%20Budi,950 Kali Digunakan,,"Bunga, Elegan"
Honey-Black-C,https://indoinvite.com/s/1952/undangan/281?kpd=Bapak%20Budi,950 Kali Digunakan,,"Bunga, Elegan"
Honey-Java,https://indoinvite.com/s/1952/undangan/52?kpd=Bapak%20Budi,950 Kali Digunakan,,"Budaya, Elegan"
Honey-Java-C,https://indoinvite.com/s/1952/undangan/282?kpd=Bapak%20Budi,950 Kali Digunakan,,"Budaya, Elegan"
Honey-Momo,https://indoinvite.com/s/1952/undangan/60?kpd=Bapak%20Budi,950 Kali Digunakan,,"Budaya, Elegan"
Honey-Moon,https://indoinvite.com/s/1952/undangan/9?kpd=Bapak%20Budi,950 Kali Digunakan,,Bunga
Honey-Moon-C,https://indoinvite.com/s/1952/undangan/246?kpd=Bapak%20Budi,950 Kali Digunakan,,"Bunga, Simple"
Honey-Night,https://indoinvite.com/s/1952/undangan/43?kpd=Bapak%20Budi,950 Kali Digunakan,,"Budaya, Bunga, Elegan"
Honey-Night-C,https://indoinvite.com/s/1952/undangan/274?kpd=Bapak%20Budi,950 Kali Digunakan,,"Bunga, Elegan"
Honey-Wayang,https://indoinvite.com/s/1952/undangan/59?kpd=Bapak%20Budi,950 Kali Digunakan,,"Budaya, Elegan"
Honey-Wayang-C,https://indoinvite.com/s/1952/undangan/285?kpd=Bapak%20Budi,950 Kali Digunakan,,"Budaya, Elegan"
Islamic-Eternal,https://indoinvite.com/s/1952/undangan/488?kpd=Bapak%20Budi,950 Kali Digunakan,,"Budaya, Muslim"
Islamic-One,https://indoinvite.com/s/1952/undangan/395?kpd=Bapak%20Budi,950 Kali Digunakan,,Muslim
Islamic-Pure,https://indoinvite.com/s/1952/undangan/486?kpd=Bapak%20Budi,950 Kali Digunakan,Natal,"Budaya, Bunga, Elegan, Formal, Muslim, Simple"
Islamic-Serenity,https://indoinvite.com/s/1952/undangan/487?kpd=Bapak%20Budi,950 Kali Digunakan,,"Budaya, Bunga, Elegan, Formal, Muslim, Simple"
Java-Banjar,https://indoinvite.com/s/1952/undangan/120?kpd=Bapak%20Budi,950 Kali Digunakan,,Budaya
Java-Banjar-C,https://indoinvite.com/s/1952/undangan/316?kpd=Bapak%20Budi,950 Kali Digunakan,,Budaya
Jujutsu-Fish,https://indoinvite.com/s/1952/undangan/167?kpd=Bapak%20Budi,950 Kali Digunakan,Pernikahan,
Jujutsu-Fish-C,https://indoinvite.com/s/1952/undangan/341?kpd=Bapak%20Budi,950 Kali Digunakan,Pernikahan,Budaya
Leather-Puppet-C,https://indoinvite.com/s/1952/undangan/317?kpd=Bapak%20Budi,950 Kali Digunakan,,Budaya
Lentera-Taqwa,https://indoinvite.com/s/1952/undangan/481?kpd=Bapak%20Budi,950 Kali Digunakan,Natal,"Elegan, Formal, Simple"
Luxury-Brown-C,https://indoinvite.com/s/1952/undangan/291?kpd=Bapak%20Budi,950 Kali Digunakan,,Bunga
Luxury-Burgundy-C,https://indoinvite.com/s/1952/undangan/166?kpd=Bapak%20Budi,950 Kali Digunakan,Pernikahan,"Elegan, Simple"
Luxury-Caramel,https://indoinvite.com/s/1952/undangan/447?kpd=Bapak%20Budi,950 Kali Digunakan,Ultah,"Elegan, Simple"
Luxury-Chocolate,https://indoinvite.com/s/1952/undangan/106?kpd=Bapak%20Budi,950 Kali Digunakan,Pernikahan,"Elegan, Simple"
Luxury-Chocolate-C,https://indoinvite.com/s/1952/undangan/186?kpd=Bapak%20Budi,950 Kali Digunakan,Pernikahan,"Elegan, Simple"
Luxury-Chorus,https://indoinvite.com/s/1952/undangan/147?kpd=Bapak%20Budi,950 Kali Digunakan,Pernikahan,Elegan
Luxury-Chorus-C,https://indoinvite.com/s/1952/undangan/336?kpd=Bapak%20Budi,950 Kali Digunakan,Pernikahan,"Elegan, Simple"
Luxury-Cream,https://indoinvite.com/s/1952/undangan/107?kpd=Bapak%20Budi,950 Kali Digunakan,Pernikahan,Elegan
Luxury-Cream-C,https://indoinvite.com/s/1952/undangan/182?kpd=Bapak%20Budi,950 Kali Digunakan,,"Elegan, Simple"
Luxury-Gold,https://indoinvite.com/s/1952/undangan/158?kpd=Bapak%20Budi,950 Kali Digunakan,Pernikahan,Bunga
Luxury-Gold-C,https://indoinvite.com/s/1952/undangan/185?kpd=Bapak%20Budi,950 Kali Digunakan,Pernikahan,"Bunga, Elegan"
Luxury-Pansy,https://indoinvite.com/s/1952/undangan/119?kpd=Bapak%20Budi,950 Kali Digunakan,Pernikahan,"Elegan, Simple"
Luxury-Pansy-C,https://indoinvite.com/s/1952/undangan/181?kpd=Bapak%20Budi,950 Kali Digunakan,,"Elegan, Simple"
Luxury-Prussian,https://indoinvite.com/s/1952/undangan/92?kpd=Bapak%20Budi,950 Kali Digunakan,,Elegan
Luxury-Prussian-C,https://indoinvite.com/s/1952/undangan/189?kpd=Bapak%20Budi,950 Kali Digunakan,,"Elegan, Simple"
Luxury-Silver,https://indoinvite.com/s/1952/undangan/100?kpd=Bapak%20Budi,950 Kali Digunakan,,Elegan
Luxury-Silver-C,https://indoinvite.com/s/1952/undangan/187?kpd=Bapak%20Budi,950 Kali Digunakan,,Elegan
Luxury-burgundy,https://indoinvite.com/s/1952/undangan/113?kpd=Bapak%20Budi,950 Kali Digunakan,Pernikahan,"Elegan, Simple"
Maso-Rustic,https://indoinvite.com/s/1952/undangan/489?kpd=Bapak%20Budi,950 Kali Digunakan,,"Budaya, Bunga, Elegan"
Minang-Java,https://indoinvite.com/s/1952/undangan/398?kpd=Bapak%20Budi,950 Kali Digunakan,,Budaya
Minimalis-Blue,https://indoinvite.com/s/1952/undangan/148?kpd=Bapak%20Budi,950 Kali Digunakan,Pernikahan,
Minimalis-Steel,https://indoinvite.com/s/1952/undangan/149?kpd=Bapak%20Budi,950 Kali Digunakan,Pernikahan,
Minimalist-BasketBall,https://indoinvite.com/s/1952/undangan/169?kpd=Bapak%20Budi,950 Kali Digunakan,Pernikahan,"Formal, Simple"
Minimalist-Blue-C,https://indoinvite.com/s/1952/undangan/337?kpd=Bapak%20Budi,950 Kali Digunakan,Pernikahan,"Bunga, Simple"
Minimalist-Cream,https://indoinvite.com/s/1952/undangan/142?kpd=Bapak%20Budi,950 Kali Digunakan,Pernikahan,"Formal, Simple"
Minimalist-Cream-C,https://indoinvite.com/s/1952/undangan/333?kpd=Bapak%20Budi,950 Kali Digunakan,Pernikahan,"Formal, Simple"
Minimalist-Fish,https://indoinvite.com/s/1952/undangan/168?kpd=Bapak%20Budi,950 Kali Digunakan,Pernikahan,Simple
Minimalist-Floral,https://indoinvite.com/s/1952/undangan/179?kpd=Bapak%20Budi,950 Kali Digunakan,,"Bunga, Simple"
Minimalist-Flower,https://indoinvite.com/s/1952/undangan/219?kpd=Bapak%20Budi,950 Kali Digunakan,,"Bunga, Simple"
Minimalist-One,https://indoinvite.com/s/1952/undangan/163?kpd=Bapak%20Budi,950 Kali Digunakan,Pernikahan,"Budaya, Bunga, Simple"
Minimalist-Steel-C,https://indoinvite.com/s/1952/undangan/338?kpd=Bapak%20Budi,950 Kali Digunakan,Pernikahan,"Bunga, Simple"
Minimalist-Two,https://indoinvite.com/s/1952/undangan/164?kpd=Bapak%20Budi,950 Kali Digunakan,Pernikahan,Simple
Minimalist-White,https://indoinvite.com/s/1952/undangan/138?kpd=Bapak%20Budi,950 Kali Digunakan,Pernikahan,"Formal, Simple"
Minimalist-White-C,https://indoinvite.com/s/1952/undangan/331?kpd=Bapak%20Budi,950 Kali Digunakan,Pernikahan,Simple
Mongondow,https://indoinvite.com/s/1952/undangan/432?kpd=Bapak%20Budi,950 Kali Digunakan,,Budaya
Muslim-Tawakkal,https://indoinvite.com/s/1952/undangan/53?kpd=Bapak%20Budi,950 Kali Digunakan,,Muslim
Muslim-Tawakkal-C,https://indoinvite.com/s/1952/undangan/283?kpd=Bapak%20Budi,950 Kali Digunakan,,Muslim
My-Sakura,https://indoinvite.com/s/1952/undangan/445?kpd=Bapak%20Budi,950 Kali Digunakan,Ultah,"Bunga, Elegan"
NTT,https://indoinvite.com/s/1952/undangan/440?kpd=Bapak%20Budi,950 Kali Digunakan,,Budaya
Nea-Pure,https://indoinvite.com/s/1952/undangan/490?kpd=Bapak%20Budi,950 Kali Digunakan,Natal,"Elegan, Formal, Simple"
New,https://indoinvite.com/s/1952/undangan/493?kpd=Bapak%20Budi,N/A,"Aqiqah, Khitan, Natal, Peresmian, Pernikahan, Rapat, Ultah","Budaya, Bunga, Elegan, Formal, Muslim, Simple"
New-Arabic,https://indoinvite.com/s/1952/undangan/456?kpd=Bapak%20Budi,950 Kali Digunakan,,Muslim
New-Batik,https://indoinvite.com/s/1952/undangan/474?kpd=Bapak%20Budi,950 Kali Digunakan,Natal,"Elegan, Formal, Simple"
New-Butterfly,https://indoinvite.com/s/1952/undangan/471?kpd=Bapak%20Budi,950 Kali Digunakan,Natal,"Elegan, Formal, Simple"
New-Christmas,https://indoinvite.com/s/1952/undangan/464?kpd=Bapak%20Budi,950 Kali Digunakan,Natal,
New-Formal,https://indoinvite.com/s/1952/undangan/438?kpd=Bapak%20Budi,950 Kali Digunakan,,Formal
New-Life,https://indoinvite.com/s/1952/undangan/8?kpd=Bapak%20Budi,950 Kali Digunakan,,Bunga
New-Life-C,https://indoinvite.com/s/1952/undangan/245?kpd=Bapak%20Budi,950 Kali Digunakan,,"Bunga, Simple"
New-Party,https://indoinvite.com/s/1952/undangan/459?kpd=Bapak%20Budi,950 Kali Digunakan,Ultah,Formal
New-Prose,https://indoinvite.com/s/1952/undangan/467?kpd=Bapak%20Budi,950 Kali Digunakan,Natal,"Elegan, Formal, Simple"
New-Purple,https://indoinvite.com/s/1952/undangan/439?kpd=Bapak%20Budi,950 Kali Digunakan,,"Formal, Simple"
New-Rose,https://indoinvite.com/s/1952/undangan/431?kpd=Bapak%20Budi,950 Kali Digunakan,Ultah,"Bunga, Elegan, Simple"
New-Sky,https://indoinvite.com/s/1952/undangan/454?kpd=Bapak%20Budi,950 Kali Digunakan,,"Bunga, Elegan"
Orchid-Flower,https://indoinvite.com/s/1952/undangan/135?kpd=Bapak%20Budi,950 Kali Digunakan,Pernikahan,Bunga
Orchid-Flower-C,https://indoinvite.com/s/1952/undangan/328?kpd=Bapak%20Budi,950 Kali Digunakan,Pernikahan,Bunga
Pakpak-Banjar,https://indoinvite.com/s/1952/undangan/125?kpd=Bapak%20Budi,950 Kali Digunakan,,Budaya
Pakpak-Banjar-C,https://indoinvite.com/s/1952/undangan/320?kpd=Bapak%20Budi,950 Kali Digunakan,,Budaya
Pandora-Bubble,https://indoinvite.com/s/1952/undangan/118?kpd=Bapak%20Budi,950 Kali Digunakan,"Peresmian, Rapat, Ultah",Formal
Pandora-Bubble-C,https://indoinvite.com/s/1952/undangan/315?kpd=Bapak%20Budi,950 Kali Digunakan,"Peresmian, Rapat, Ultah",Formal
Pandora-Cat,https://indoinvite.com/s/1952/undangan/145?kpd=Bapak%20Budi,950 Kali Digunakan,Pernikahan,
Pandora-Cat-C,https://indoinvite.com/s/1952/undangan/334?kpd=Bapak%20Budi,950 Kali Digunakan,Pernikahan,Simple
Pandora-Classic,https://indoinvite.com/s/1952/undangan/134?kpd=Bapak%20Budi,950 Kali Digunakan,Pernikahan,"Elegan, Simple"
Pandora-Classic-C,https://indoinvite.com/s/1952/undangan/327?kpd=Bapak%20Budi,950 Kali Digunakan,Pernikahan,"Budaya, Elegan, Simple"
Pandora-Flowers,https://indoinvite.com/s/1952/undangan/124?kpd=Bapak%20Budi,950 Kali Digunakan,Pernikahan,
Pandora-Flowers-C,https://indoinvite.com/s/1952/undangan/319?kpd=Bapak%20Budi,950 Kali Digunakan,Pernikahan,Bunga
Pandora-Forest,https://indoinvite.com/s/1952/undangan/136?kpd=Bapak%20Budi,950 Kali Digunakan,Pernikahan,Bunga
Pandora-Forest-C,https://indoinvite.com/s/1952/undangan/329?kpd=Bapak%20Budi,950 Kali Digunakan,Pernikahan,"Bunga, Elegan, Simple"
Pandora-Nature,https://indoinvite.com/s/1952/undangan/254?kpd=Bapak%20Budi,950 Kali Digunakan,,"Bunga, Elegan"
Pandora-Party,https://indoinvite.com/s/1952/undangan/121?kpd=Bapak%20Budi,950 Kali Digunakan,"Khitan, Pernikahan, Ultah",
Pandora-Party-C,https://indoinvite.com/s/1952/undangan/318?kpd=Bapak%20Budi,950 Kali Digunakan,"Khitan, Pernikahan, Ultah",
Purple,https://indoinvite.com/s/1952/undangan/359?kpd=Bapak%20Budi,950 Kali Digunakan,,Budaya
Red-Pearl,https://indoinvite.com/s/1952/undangan/23?kpd=Bapak%20Budi,950 Kali Digunakan,,Bunga
Red-Pearl-C,https://indoinvite.com/s/1952/undangan/258?kpd=Bapak%20Budi,950 Kali Digunakan,,"Bunga, Simple"
Rustic-Flowers,https://indoinvite.com/s/1952/undangan/137?kpd=Bapak%20Budi,950 Kali Digunakan,Pernikahan,"Elegan, Simple"
Rustic-Flowers-C,https://indoinvite.com/s/1952/undangan/330?kpd=Bapak%20Budi,950 Kali Digunakan,Pernikahan,"Elegan, Simple"
Signature-Castle,https://indoinvite.com/s/1952/undangan/47?kpd=Bapak%20Budi,950 Kali Digunakan,Ultah,
Signature-Castle-C,https://indoinvite.com/s/1952/undangan/277?kpd=Bapak%20Budi,950 Kali Digunakan,Ultah,"Formal, Simple"
Signature-Christmas,https://indoinvite.com/s/1952/undangan/342?kpd=Bapak%20Budi,950 Kali Digunakan,Natal,"Formal, Simple"
Signature-Curtain,https://indoinvite.com/s/1952/undangan/36?kpd=Bapak%20Budi,950 Kali Digunakan,,Formal
Signature-Curtain-C,https://indoinvite.com/s/1952/undangan/268?kpd=Bapak%20Budi,950 Kali Digunakan,,Formal
Signature-Event,https://indoinvite.com/s/1952/undangan/41?kpd=Bapak%20Budi,950 Kali Digunakan,,Formal
Signature-Event-C,https://indoinvite.com/s/1952/undangan/272?kpd=Bapak%20Budi,950 Kali Digunakan,,Formal
Signature-Formal,https://indoinvite.com/s/1952/undangan/49?kpd=Bapak%20Budi,950 Kali Digunakan,,"Elegan, Formal"
Signature-Formal-C,https://indoinvite.com/s/1952/undangan/279?kpd=Bapak%20Budi,950 Kali Digunakan,,"Elegan, Formal, Simple"
Signature-Formal2,https://indoinvite.com/s/1952/undangan/50?kpd=Bapak%20Budi,950 Kali Digunakan,,"Elegan, Formal"
Signature-Formal2-C,https://indoinvite.com/s/1952/undangan/280?kpd=Bapak%20Budi,950 Kali Digunakan,,"Elegan, Formal, Simple"
Signature-Formal3,https://indoinvite.com/s/1952/undangan/74?kpd=Bapak%20Budi,950 Kali Digunakan,,"Elegan, Formal"
Signature-Formal3-C,https://indoinvite.com/s/1952/undangan/354?kpd=Bapak%20Budi,950 Kali Digunakan,,"Elegan, Formal"
Signature-Gold,https://indoinvite.com/s/1952/undangan/422?kpd=Bapak%20Budi,950 Kali Digunakan,,Formal
Signature-Mine,https://indoinvite.com/s/1952/undangan/31?kpd=Bapak%20Budi,950 Kali Digunakan,Rapat,Formal
Signature-Mine-C,https://indoinvite.com/s/1952/undangan/264?kpd=Bapak%20Budi,950 Kali Digunakan,,"Formal, Simple"
Signature-Purple,https://indoinvite.com/s/1952/undangan/157?kpd=Bapak%20Budi,950 Kali Digunakan,Pernikahan,
Signature-Purple-C,https://indoinvite.com/s/1952/undangan/355?kpd=Bapak%20Budi,950 Kali Digunakan,Pernikahan,"Formal, Simple"
Signature-Red,https://indoinvite.com/s/1952/undangan/56?kpd=Bapak%20Budi,950 Kali Digunakan,,Formal
Simple-Arabic-C,https://indoinvite.com/s/1952/undangan/228?kpd=Bapak%20Budi,950 Kali Digunakan,,"Muslim, Simple"
Simple-Batak,https://indoinvite.com/s/1952/undangan/29?kpd=Bapak%20Budi,950 Kali Digunakan,,Budaya
Simple-Batak-C,https://indoinvite.com/s/1952/undangan/230?kpd=Bapak%20Budi,950 Kali Digunakan,,"Budaya, Simple"
Simple-Chrome,https://indoinvite.com/s/1952/undangan/42?kpd=Bapak%20Budi,950 Kali Digunakan,,"Elegan, Formal"
Simple-Chrome-C,https://indoinvite.com/s/1952/undangan/273?kpd=Bapak%20Budi,950 Kali Digunakan,,"Elegan, Formal, Simple"
Simple-Great,https://indoinvite.com/s/1952/undangan/46?kpd=Bapak%20Budi,950 Kali Digunakan,,Formal
Simple-Great-C,https://indoinvite.com/s/1952/undangan/276?kpd=Bapak%20Budi,950 Kali Digunakan,,Formal
Simple-Islamic,https://indoinvite.com/s/1952/undangan/26?kpd=Bapak%20Budi,950 Kali Digunakan,,Muslim
Simple-Islamic-C,https://indoinvite.com/s/1952/undangan/261?kpd=Bapak%20Budi,950 Kali Digunakan,,"Muslim, Simple"
Simple-Java,https://indoinvite.com/s/1952/undangan/28?kpd=Bapak%20Budi,950 Kali Digunakan,,Budaya
Simple-Java-C,https://indoinvite.com/s/1952/undangan/225?kpd=Bapak%20Budi,950 Kali Digunakan,,"Budaya, Simple"
Simple-Love-C,https://indoinvite.com/s/1952/undangan/240?kpd=Bapak%20Budi,950 Kali Digunakan,,Simple
Simple-Minang,https://indoinvite.com/s/1952/undangan/72?kpd=Bapak%20Budi,950 Kali Digunakan,,Budaya
Simple-Minang-C,https://indoinvite.com/s/1952/undangan/352?kpd=Bapak%20Budi,950 Kali Digunakan,,Budaya
Simple-Time,https://indoinvite.com/s/1952/undangan/25?kpd=Bapak%20Budi,950 Kali Digunakan,,Muslim
Simple-Time-C,https://indoinvite.com/s/1952/undangan/260?kpd=Bapak%20Budi,950 Kali Digunakan,,"Bunga, Muslim, Simple"
Simple-White,https://indoinvite.com/s/1952/undangan/140?kpd=Bapak%20Budi,950 Kali Digunakan,Rapat,Formal
Simple-White-C,https://indoinvite.com/s/1952/undangan/227?kpd=Bapak%20Budi,950 Kali Digunakan,,"Formal, Simple"
Simple-Word,https://indoinvite.com/s/1952/undangan/24?kpd=Bapak%20Budi,950 Kali Digunakan,,"Bunga, Elegan"
Simple-Word-C,https://indoinvite.com/s/1952/undangan/259?kpd=Bapak%20Budi,950 Kali Digunakan,,"Bunga, Elegan, Simple"
Slide-Balinese-C,https://indoinvite.com/s/1952/undangan/211?kpd=Bapak%20Budi,950 Kali Digunakan,,Budaya
Slide-Carousel-Aceh,https://indoinvite.com/s/1952/undangan/381?kpd=Bapak%20Budi,950 Kali Digunakan,,Budaya
Slide-Carousel-Batak,https://indoinvite.com/s/1952/undangan/384?kpd=Bapak%20Budi,950 Kali Digunakan,,Budaya
Slide-Carousel-Batik,https://indoinvite.com/s/1952/undangan/443?kpd=Bapak%20Budi,950 Kali Digunakan,,"Budaya, Bunga"
Slide-Carousel-BlueEstetik,https://indoinvite.com/s/1952/undangan/369?kpd=Bapak%20Budi,950 Kali Digunakan,,Formal
Slide-Carousel-BluePurtion,https://indoinvite.com/s/1952/undangan/364?kpd=Bapak%20Budi,950 Kali Digunakan,,"Bunga, Simple"
Slide-Carousel-Charm,https://indoinvite.com/s/1952/undangan/356?kpd=Bapak%20Budi,950 Kali Digunakan,,Bunga
Slide-Carousel-Christmas,https://indoinvite.com/s/1952/undangan/362?kpd=Bapak%20Budi,950 Kali Digunakan,Natal,
Slide-Carousel-DarkBlues,https://indoinvite.com/s/1952/undangan/453?kpd=Bapak%20Budi,950 Kali Digunakan,,"Budaya, Bunga"
Slide-Carousel-DayakTribe,https://indoinvite.com/s/1952/undangan/441?kpd=Bapak%20Budi,950 Kali Digunakan,,Budaya
Slide-Carousel-Elegan-Bloom,https://indoinvite.com/s/1952/undangan/386?kpd=Bapak%20Budi,950 Kali Digunakan,,"Bunga, Elegan"
Slide-Carousel-Event,https://indoinvite.com/s/1952/undangan/434?kpd=Bapak%20Budi,950 Kali Digunakan,,Formal
Slide-Carousel-FloKalbar,https://indoinvite.com/s/1952/undangan/492?kpd=Bapak%20Budi,950 Kali Digunakan,,"Budaya, Elegan, Simple"
Slide-Carousel-Golsim,https://indoinvite.com/s/1952/undangan/374?kpd=Bapak%20Budi,950 Kali Digunakan,,"Elegan, Formal"
Slide-Carousel-Heritage,https://indoinvite.com/s/1952/undangan/493?kpd=Bapak%20Budi,950 Kali Digunakan,,"Elegan, Muslim, Simple"
Slide-Carousel-Housbrown,https://indoinvite.com/s/1952/undangan/484?kpd=Bapak%20Budi,950 Kali Digunakan,Ultah,"Elegan, Simple"
Slide-Carousel-Islamic,https://indoinvite.com/s/1952/undangan/376?kpd=Bapak%20Budi,950 Kali Digunakan,,"Bunga, Muslim"
Slide-Carousel-Islamic-DarkBlue,https://indoinvite.com/s/1952/undangan/401?kpd=Bapak%20Budi,950 Kali Digunakan,,Muslim
Slide-Carousel-Islamic-Plain,https://indoinvite.com/s/1952/undangan/413?kpd=Bapak%20Budi,950 Kali Digunakan,,"Budaya, Muslim"
Slide-Carousel-Jambi,https://indoinvite.com/s/1952/undangan/385?kpd=Bapak%20Budi,950 Kali Digunakan,,Budaya
Slide-Carousel-JavaBurgundy,https://indoinvite.com/s/1952/undangan/396?kpd=Bapak%20Budi,950 Kali Digunakan,,"Bunga, Elegan"
Slide-Carousel-JavaEksotik,https://indoinvite.com/s/1952/undangan/372?kpd=Bapak%20Budi,950 Kali Digunakan,,Budaya
Slide-Carousel-Javaus,https://indoinvite.com/s/1952/undangan/475?kpd=Bapak%20Budi,950 Kali Digunakan,,"Budaya, Elegan"
Slide-Carousel-Karawang,https://indoinvite.com/s/1952/undangan/425?kpd=Bapak%20Budi,950 Kali Digunakan,,Budaya
Slide-Carousel-Karo,https://indoinvite.com/s/1952/undangan/418?kpd=Bapak%20Budi,950 Kali Digunakan,,Budaya
Slide-Carousel-Lavender,https://indoinvite.com/s/1952/undangan/427?kpd=Bapak%20Budi,950 Kali Digunakan,,"Bunga, Simple"
Slide-Carousel-Makassar,https://indoinvite.com/s/1952/undangan/412?kpd=Bapak%20Budi,950 Kali Digunakan,,Budaya
Slide-Carousel-Mariner,https://indoinvite.com/s/1952/undangan/483?kpd=Bapak%20Budi,950 Kali Digunakan,Ultah,"Elegan, Simple"
Slide-Carousel-Marose,https://indoinvite.com/s/1952/undangan/358?kpd=Bapak%20Budi,950 Kali Digunakan,,Bunga
Slide-Carousel-Minahasa,https://indoinvite.com/s/1952/undangan/387?kpd=Bapak%20Budi,950 Kali Digunakan,,"Budaya, Bunga"
Slide-Carousel-Mountain,https://indoinvite.com/s/1952/undangan/379?kpd=Bapak%20Budi,950 Kali Digunakan,,Elegan
Slide-Carousel-Navyous,https://indoinvite.com/s/1952/undangan/371?kpd=Bapak%20Budi,950 Kali Digunakan,,"Formal, Simple"
Slide-Carousel-Padang,https://indoinvite.com/s/1952/undangan/414?kpd=Bapak%20Budi,950 Kali Digunakan,,Budaya
Slide-Carousel-Palembang,https://indoinvite.com/s/1952/undangan/411?kpd=Bapak%20Budi,950 Kali Digunakan,,Budaya
Slide-Carousel-Pastel-Dreams,https://indoinvite.com/s/1952/undangan/378?kpd=Bapak%20Budi,950 Kali Digunakan,,"Bunga, Elegan"
Slide-Carousel-Pink-Island,https://indoinvite.com/s/1952/undangan/375?kpd=Bapak%20Budi,950 Kali Digunakan,,Bunga
Slide-Carousel-Puppets,https://indoinvite.com/s/1952/undangan/428?kpd=Bapak%20Budi,950 Kali Digunakan,,Budaya
Slide-Carousel-Rote,https://indoinvite.com/s/1952/undangan/435?kpd=Bapak%20Budi,950 Kali Digunakan,,Budaya
Slide-Carousel-Safari,https://indoinvite.com/s/1952/undangan/480?kpd=Bapak%20Budi,950 Kali Digunakan,,"Bunga, Elegan, Simple"
Slide-Carousel-Sage,https://indoinvite.com/s/1952/undangan/479?kpd=Bapak%20Budi,950 Kali Digunakan,,"Bunga, Elegan, Simple"
Slide-Carousel-Sakura,https://indoinvite.com/s/1952/undangan/469?kpd=Bapak%20Budi,950 Kali Digunakan,,"Bunga, Simple"
Slide-Carousel-Soft-Gate,https://indoinvite.com/s/1952/undangan/388?kpd=Bapak%20Budi,950 Kali Digunakan,,"Bunga, Elegan"
Slide-Carousel-SoftBlue,https://indoinvite.com/s/1952/undangan/365?kpd=Bapak%20Budi,950 Kali Digunakan,,"Bunga, Simple"
Slide-Carousel-Spider,https://indoinvite.com/s/1952/undangan/473?kpd=Bapak%20Budi,950 Kali Digunakan,,Simple
Slide-Carousel-Sumatera,https://indoinvite.com/s/1952/undangan/426?kpd=Bapak%20Budi,950 Kali Digunakan,,Budaya
Slide-Carousel-Summer,https://indoinvite.com/s/1952/undangan/452?kpd=Bapak%20Budi,950 Kali Digunakan,,"Budaya, Bunga"
Slide-Carousel-Sunda,https://indoinvite.com/s/1952/undangan/410?kpd=Bapak%20Budi,950 Kali Digunakan,,Budaya
Slide-Carousel-Symphony,https://indoinvite.com/s/1952/undangan/485?kpd=Bapak%20Budi,950 Kali Digunakan,Ultah,"Elegan, Simple"
Slide-Carousel-Toraja,https://indoinvite.com/s/1952/undangan/409?kpd=Bapak%20Budi,950 Kali Digunakan,,Budaya
Slide-Chinese,https://indoinvite.com/s/1952/undangan/152?kpd=Bapak%20Budi,950 Kali Digunakan,Pernikahan,
Slide-Dream,https://indoinvite.com/s/1952/undangan/151?kpd=Bapak%20Budi,950 Kali Digunakan,Pernikahan,Bunga
Slide-Floral,https://indoinvite.com/s/1952/undangan/154?kpd=Bapak%20Budi,950 Kali Digunakan,Pernikahan,Bunga
Slide-Floral-C,https://indoinvite.com/s/1952/undangan/210?kpd=Bapak%20Budi,950 Kali Digunakan,,Bunga
Slide-Gojo,https://indoinvite.com/s/1952/undangan/156?kpd=Bapak%20Budi,950 Kali Digunakan,Pernikahan,
Slide-Oleander,https://indoinvite.com/s/1952/undangan/155?kpd=Bapak%20Budi,950 Kali Digunakan,Pernikahan,Bunga
Slide-Oleander-C,https://indoinvite.com/s/1952/undangan/209?kpd=Bapak%20Budi,950 Kali Digunakan,,Bunga
Slide-Oleander-Flip-C,https://indoinvite.com/s/1952/undangan/217?kpd=Bapak%20Budi,950 Kali Digunakan,,Bunga
Slide-Paper-C,https://indoinvite.com/s/1952/undangan/213?kpd=Bapak%20Budi,950 Kali Digunakan,,"Formal, Simple"
Slide-Sakura,https://indoinvite.com/s/1952/undangan/40?kpd=Bapak%20Budi,950 Kali Digunakan,,Bunga
Slide-Sakura-C,https://indoinvite.com/s/1952/undangan/214?kpd=Bapak%20Budi,950 Kali Digunakan,,Bunga
Slide-World,https://indoinvite.com/s/1952/undangan/165?kpd=Bapak%20Budi,950 Kali Digunakan,Pernikahan,
Slide-World-C,https://indoinvite.com/s/1952/undangan/205?kpd=Bapak%20Budi,950 Kali Digunakan,,Bunga
Sonic-City,https://indoinvite.com/s/1952/undangan/476?kpd=Bapak%20Budi,950 Kali Digunakan,,"Elegan, Formal, Simple"
Super-Blue,https://indoinvite.com/s/1952/undangan/173?kpd=Bapak%20Budi,950 Kali Digunakan,Pernikahan,"Bunga, Simple"
Super-Classic,https://indoinvite.com/s/1952/undangan/161?kpd=Bapak%20Budi,950 Kali Digunakan,Pernikahan,
Super-Football,https://indoinvite.com/s/1952/undangan/193?kpd=Bapak%20Budi,950 Kali Digunakan,,Formal
Super-Gold,https://indoinvite.com/s/1952/undangan/171?kpd=Bapak%20Budi,950 Kali Digunakan,Pernikahan,"Bunga, Simple"
Super-Purple,https://indoinvite.com/s/1952/undangan/446?kpd=Bapak%20Budi,950 Kali Digunakan,,"Bunga, Elegan, Simple"
Super-Sunda,https://indoinvite.com/s/1952/undangan/437?kpd=Bapak%20Budi,950 Kali Digunakan,,"Budaya, Bunga"
Super-Tea,https://indoinvite.com/s/1952/undangan/172?kpd=Bapak%20Budi,950 Kali Digunakan,Pernikahan,Bunga
Vintage-Butterfly,https://indoinvite.com/s/1952/undangan/472?kpd=Bapak%20Budi,950 Kali Digunakan,,"Elegan, Formal, Simple"
Vintage-Christmas,https://indoinvite.com/s/1952/undangan/466?kpd=Bapak%20Budi,950 Kali Digunakan,Natal,
Vintage-Gatsby,https://indoinvite.com/s/1952/undangan/201?kpd=Bapak%20Budi,950 Kali Digunakan,,Formal
White-Arabic,https://indoinvite.com/s/1952/undangan/144?kpd=Bapak%20Budi,950 Kali Digunakan,"Aqiqah, Khitan, Pernikahan","Formal, Muslim"
White-Arabic-C,https://indoinvite.com/s/1952/undangan/175?kpd=Bapak%20Budi,950 Kali Digunakan,Pernikahan,Muslim
White-Flower,https://indoinvite.com/s/1952/undangan/12?kpd=Bapak%20Budi,950 Kali Digunakan,,Bunga
White-Flower-C,https://indoinvite.com/s/1952/undangan/247?kpd=Bapak%20Budi,950 Kali Digunakan,,"Bunga, Simple"
White-Leaf,https://indoinvite.com/s/1952/undangan/14?kpd=Bapak%20Budi,950 Kali Digunakan,,Bunga
White-Leaf-C,https://indoinvite.com/s/1952/undangan/249?kpd=Bapak%20Budi,950 Kali Digunakan,,"Bunga, Simple"
White-Sky,https://indoinvite.com/s/1952/undangan/13?kpd=Bapak%20Budi,950 Kali Digunakan,,Bunga
White-Sky-C,https://indoinvite.com/s/1952/undangan/248?kpd=Bapak%20Budi,950 Kali Digunakan,,Bunga
White-Tea,https://indoinvite.com/s/1952/undangan/15?kpd=Bapak%20Budi,950 Kali Digunakan,,Bunga
White-Tea-C,https://indoinvite.com/s/1952/undangan/250?kpd=Bapak%20Budi,950 Kali Digunakan,,Simple
orange,https://indoinvite.com/s/1952/undangan/400?kpd=Bapak%20Budi,950 Kali Digunakan,,Muslim
